year,b10ret,b5ret,b2ret,b1ret,t90ret,t30ret
196301,0.003295,-0.002873,0.005349,0.002809,0.002582,0.002512
196302,-0.002189,0.001717,0.001695,0.002577,0.002367,0.00226
196303,0.002561,0.002739,0.002436,0.002439,0.002381,0.002262
196304,-0.00071,0.003351,0.00152,0.002847,0.00271,0.002661
196305,0.003268,0.001075,0.003454,0.001777,0.002403,0.00243
196306,0.002345,0.001376,0.003426,0.002935,0.002404,0.002282
196307,0.003814,-0.000019,-0.00386,-0.000125,0.002704,0.002784
196308,0.001601,0.001811,0.00222,0.002454,0.002635,0.002484
196309,-0.001738,0.002233,0.002621,0.003384,0.002957,0.002755
196310,-0.000068,0.001107,0.001684,0.001859,0.002884,0.002919
196311,0.006321,0.004649,0.002436,0.002828,0.002894,0.002659
196312,0.001292,-0.00004,0.001836,0.003292,0.00317,0.00306
196401,0.002743,0.003632,0.003966,0.004718,0.003224,0.002866
196402,0.000557,0.001164,0.001507,0.001689,0.002678,0.002636
196403,0.000713,0.001331,0.001634,0.00416,0.003407,0.003298
196404,0.004515,0.003609,0.004932,0.005247,0.003194,0.002904
196405,0.00616,0.007737,0.004072,0.002527,0.002796,0.00257
196406,0.0069,0.003895,0.005435,0.003922,0.003248,0.003136
196407,0.001993,0.00274,0.004268,0.004481,0.003193,0.002808
196408,0.001414,0.002714,0.002091,0.001992,0.003001,0.002772
196409,0.005432,0.004195,0.002125,0.002759,0.002836,0.002686
196410,0.005403,0.003245,0.002432,0.002283,0.003194,0.002997
196411,0.000166,0.000866,0.000364,0.001492,0.002778,0.002915
196412,0.004682,0.00242,0.005865,0.005349,0.003514,0.00304
196501,0.00508,0.00499,0.003461,0.00301,0.002994,0.002915
196502,0.001773,0.001216,0.001202,0.001688,0.002867,0.003198
196503,0.003579,0.004587,0.003959,0.004608,0.003865,0.003486
196504,0.003242,0.002677,0.003642,0.003267,0.003387,0.003118
196505,0.003308,0.002779,0.003525,0.003323,0.003133,0.003283
196506,0.004833,0.005189,0.005585,0.004733,0.003749,0.00338
196507,-0.000436,0.002047,0.00215,0.002649,0.003254,0.003218
196508,-0.003378,0.001923,0.001706,0.002524,0.003402,0.003309
196509,-0.001144,-0.000807,-0.000482,0.002046,0.003095,0.003114
196510,-0.003185,0.000342,0.003169,0.004043,0.003507,0.003391
196511,-0.000925,0.000356,0.003166,0.003144,0.003714,0.00338
196512,-0.010073,-0.015176,-0.00508,0.000313,0.002989,0.003126
196601,-0.004308,-0.000069,0.005615,0.00522,0.003798,0.00363
196602,-0.018393,-0.008042,0.002089,0.002418,0.003627,0.003481
196603,0.030315,0.018721,0.008102,0.00692,0.004261,0.003795
196604,-0.006531,-0.001854,0.001862,0.003993,0.003549,0.003638
196605,-0.00156,0.001071,0.001212,0.00337,0.004348,0.004043
196606,-0.010467,-0.001741,0.003224,0.004341,0.004119,0.003672
196607,0.00076,-0.003152,0.002414,0.000767,0.003655,0.003847
196608,-0.020345,-0.012467,-0.007638,0.000033,0.00419,0.004119
196609,0.027564,0.024194,0.012603,0.004677,0.003658,0.00389
196610,0.018052,0.006043,0.00618,0.004054,0.005812,0.004389
196611,-0.011948,0.000714,0.002904,0.005169,0.004828,0.003932
196612,0.041627,0.02832,0.015186,0.008867,0.004999,0.00363
196701,0.016689,0.010552,0.01038,0.007289,0.004775,0.003927
196702,-0.018038,-0.001004,0.000873,0.002693,0.003464,0.003743
196703,0.021025,0.018752,0.01358,0.00878,0.004846,0.003693
196704,-0.024235,-0.007742,0.000281,0.002083,0.003839,0.003344
196705,-0.000111,0.003731,0.004885,0.004229,0.004101,0.003126
196706,-0.022591,-0.022622,-0.006017,-0.005711,0.002193,0.002674
196707,0.002388,0.0127,0.003421,0.003963,0.003585,0.003153
196708,-0.005861,-0.003583,-0.004121,0.003604,0.003543,0.00324
196709,-0.001377,0.002997,0.005173,0.003898,0.003582,0.003177
196710,-0.019336,-0.009823,-0.004437,0.003608,0.004351,0.003649
196711,-0.00775,0.00413,0.005281,0.003336,0.003855,0.003416
196712,0.005826,0.002675,0.001626,0.005063,0.004305,0.003565
196801,0.025016,0.014535,0.012919,0.007811,0.005109,0.003934
196802,0.00286,0.004659,0.003195,0.003471,0.003818,0.003849
196803,-0.022144,-0.002614,0.001987,0.003925,0.00396,0.003977
196804,0.016581,-0.002266,0.00232,0.002433,0.004138,0.004263
196805,-0.011209,0.007037,0.000611,0.004109,0.004647,0.004672
196806,0.03421,0.016664,0.010229,0.006931,0.005071,0.004436
196807,0.027353,0.017627,0.013864,0.009732,0.005311,0.00479
196808,0.000169,0.002098,0.003918,0.005443,0.004458,0.004476
196809,-0.001128,0.005196,0.004185,0.004091,0.004532,0.004203
196810,-0.008152,0.000911,0.001694,0.002143,0.004461,0.004394
196811,-0.016254,-0.001608,0.00238,0.003215,0.004862,0.004457
196812,-0.021185,-0.017329,-0.010824,-0.001385,0.003768,0.004249
196901,-0.000448,0.009271,0.007647,0.00592,0.005855,0.005025
196902,-0.005953,-0.001008,0.001608,0.003701,0.005158,0.004619
196903,-0.002312,0.008737,0.00995,0.00768,0.005488,0.004802
196904,0.034822,0.008496,0.003837,0.005448,0.005628,0.004859
196905,-0.027805,-0.008798,-0.002684,0.001298,0.004766,0.005215
196906,-0.0063,-0.008396,-0.004783,-0.001001,0.005113,0.005137
196907,0.000365,0.008573,0.000642,0.005158,0.005427,0.00552
196908,-0.003733,-0.002154,0.004308,0.005364,0.005783,0.00589
196909,-0.040983,-0.03355,-0.005123,0.005653,0.006265,0.005856
196910,0.045144,0.038254,0.015564,0.010918,0.006622,0.005724
196911,-0.025835,-0.006782,0.001324,0.00165,0.00522,0.005509
196912,-0.049838,-0.018103,-0.006658,0.005208,0.006312,0.005846
197001,0.028827,0.00203,0.009342,0.006463,0.007158,0.005781
197002,0.067886,0.045949,0.025314,0.016646,0.007986,0.006167
197003,-0.000269,0.008072,0.008288,0.008367,0.007078,0.005542
197004,-0.050871,-0.025972,-0.007192,-0.002925,0.005494,0.005286
197005,-0.006522,0.011266,0.002936,0.007536,0.006237,0.005546
197006,0.021395,0.009967,0.012961,0.008878,0.007455,0.005546
197007,0.029294,0.013684,0.012224,0.009488,0.005793,0.004886
197008,-0.009523,0.01186,0.009432,0.006963,0.005442,0.00502
197009,0.021787,0.015865,0.014686,0.006826,0.00623,0.005034
197010,0.002139,0.014324,0.005353,0.007873,0.005448,0.004954
197011,0.073034,0.050632,0.028117,0.017299,0.006665,0.004489
197012,0.003009,0.004505,0.004518,0.005123,0.004602,0.003786
197101,0.044649,0.018049,0.020035,0.013628,0.005191,0.003777
197102,-0.000506,0.020564,0.01134,0.009482,0.004635,0.003344
197103,0.059129,0.021626,0.007614,0.003427,0.003004,0.002924
197104,-0.037425,-0.035255,-0.016031,-0.004767,0.002311,0.002804
197105,-0.021313,-0.002391,0.001165,0.001363,0.002422,0.003127
197106,-0.012386,-0.018276,-0.008898,-0.005324,0.003011,0.003505
197107,0.008733,0.002343,0.011327,0.007004,0.00434,0.004272
197108,0.046098,0.044748,0.015341,0.012819,0.006234,0.004446
197109,0.02794,0.006331,0.007192,0.00415,0.003585,0.00363
197110,0.014894,0.018449,0.012539,0.011655,0.004444,0.003855
197111,0.01008,0.003488,0.003374,0.003862,0.003974,0.003506
197112,0.000245,0.020794,0.01,0.008953,0.005181,0.003152
197201,-0.009879,-0.00314,0.005295,0.005835,0.004022,0.00285
197202,0.002768,0.007514,0.005054,0.003411,0.002784,0.002659
197203,0.000559,-0.010454,-0.009913,-0.001644,0.002357,0.00259
197204,0.009324,0.015,0.011933,0.009088,0.003784,0.002962
197205,0.006258,0.010934,0.008133,0.005084,0.003224,0.002942
197206,-0.00127,-0.004373,-0.004006,-0.001078,0.003085,0.0028
197207,0.00376,0.006244,0.008655,0.00768,0.004233,0.003084
197208,-0.004457,-0.003366,-0.002349,-0.001744,0.002413,0.002988
197209,0.000651,0.006283,0.001306,0.003009,0.003705,0.003546
197210,0.018053,0.004511,0.005826,0.006602,0.004105,0.003891
197211,0.014573,0.009025,0.006439,0.005917,0.003956,0.003739
197212,-0.001517,-0.001904,0.001165,0.004025,0.003659,0.004185
197301,-0.004846,0.000592,-0.001574,0.000071,0.003985,0.00441
197302,-0.004451,-0.007539,-0.001406,0.002978,0.004423,0.004277
197303,0.006724,0.002407,-0.000449,0.000478,0.004189,0.00475
197304,0.008776,0.008916,0.007592,0.008762,0.006015,0.005002
197305,-0.010302,0.004753,0.005026,0.002317,0.004839,0.005098
197306,0.004589,-0.000306,0.002569,0.000399,0.00479,0.005379
197307,-0.030567,-0.035577,-0.01172,-0.003157,0.005599,0.00654
197308,0.026063,0.033501,0.012044,0.009507,0.006987,0.006855
197309,0.032945,0.028673,0.022061,0.016156,0.009449,0.006749
197310,0.011631,0.00227,0.00702,0.00981,0.006667,0.006856
197311,0.005902,0.006209,0.005861,0.004356,0.006129,0.005529
197312,-0.004666,0.002393,0.006253,0.005515,0.006234,0.006961
197401,-0.003422,0.000265,0.008299,0.007693,0.006516,0.006274
197402,0.013221,0.003542,0.006541,0.004431,0.006084,0.005819
197403,-0.016721,-0.021528,-0.015072,-0.005337,0.004529,0.005677
197404,-0.021058,-0.018172,-0.002382,0.001555,0.006768,0.007949
197405,0.013945,0.016437,0.010244,0.010088,0.009677,0.007235
197406,-0.004053,-0.009391,0.001966,0.003699,0.007102,0.006892
197407,-0.013122,0.002071,0.004289,0.006664,0.006365,0.006756
197408,-0.009864,-0.001181,0.002378,0.000455,0.004043,0.00594
197409,0.030076,0.032098,0.01951,0.022223,0.012255,0.007997
197410,0.034682,0.01108,0.011981,0.011351,0.003621,0.005254
197411,0.023214,0.022249,0.014979,0.007243,0.007061,0.005139
197412,0.012866,0.017449,0.007848,0.010211,0.007977,0.007009
197501,0.008689,0.006574,0.013315,0.015997,0.0087,0.005387
197502,0.010027,0.014735,0.013748,0.00739,0.005288,0.004326
197503,-0.003413,-0.008388,-0.00244,0.002314,0.004645,0.004014
197504,-0.00918,-0.016747,-0.009031,0.000681,0.005033,0.004489
197505,0.006045,0.027268,0.019517,0.012461,0.005365,0.004869
197506,0.001547,0.00017,-0.00022,-0.001183,0.003572,0.004133
197507,-0.00188,-0.002112,-0.002034,0.002888,0.005062,0.004811
197508,-0.006365,0.001699,0.006845,0.0049,0.005117,0.004815
197509,-0.02726,0.001816,0.001613,0.004524,0.005635,0.005575
197510,0.017218,0.031872,0.025318,0.02032,0.007732,0.005185
197511,0.01151,-0.001882,0.001479,0.00342,0.004563,0.004127
197512,0.032763,0.024073,0.015283,0.011102,0.005876,0.004983
197601,0.035314,0.005252,0.009635,0.011287,0.005474,0.004402
197602,-0.000308,0.006377,-0.000683,-0.00007,0.00349,0.003452
197603,0.003931,0.009178,0.006807,0.006907,0.004927,0.004344
197604,-0.00261,0.00785,0.00721,0.005525,0.004596,0.00444
197605,-0.000333,-0.009774,-0.006015,-0.00105,0.002996,0.004124
197606,0.014614,0.010035,0.013771,0.009116,0.005453,0.004446
197607,0.006041,0.005678,0.009687,0.008933,0.005114,0.00439
197608,0.009166,0.015825,0.010872,0.007982,0.004891,0.004745
197609,0.021487,0.013244,0.010165,0.006478,0.004405,0.003924
197610,0.01823,0.016418,0.009567,0.007724,0.004749,0.004092
197611,0.024274,0.033367,0.016689,0.010535,0.005191,0.00444
197612,0.03799,0.004605,0.006886,0.005797,0.00405,0.003579
197701,-0.026079,-0.021982,-0.009197,-0.002645,0.003413,0.003594
197702,0.004235,0.001962,0.006313,0.006148,0.004,0.003499
197703,0.000251,0.008241,0.006848,0.007035,0.004457,0.003769
197704,-0.00458,0.008879,0.004749,0.004417,0.00391,0.004114
197705,-0.002193,0.00734,0.002947,0.003003,0.003793,0.003855
197706,0.013981,0.014961,0.007512,0.007888,0.004407,0.003716
197707,-0.004943,-0.007198,-0.001915,-0.000113,0.003531,0.003873
197708,0.011749,0.008501,0.005386,0.004549,0.005079,0.004993
197709,0.001862,-0.000428,-0.000205,0.002863,0.004237,0.00433
197710,-0.003637,-0.006108,0.000264,0.002716,0.005255,0.004943
197711,0.007351,0.009088,0.007713,0.006816,0.005508,0.004959
197712,-0.009835,-0.003384,0.004081,0.003938,0.005252,0.0047
197801,-0.00326,0.000674,0.002192,0.004119,0.005499,0.005374
197802,-0.00004,0.000485,0.003996,0.005423,0.005236,0.004941
197803,-0.000347,0.004002,0.002861,0.005666,0.005656,0.005017
197804,0.000901,0.00364,0.004022,0.004503,0.00593,0.005712
197805,-0.005934,-0.001671,0.001815,0.003019,0.005367,0.005317
197806,-0.006447,-0.00232,0.000373,0.002591,0.00548,0.005369
197807,0.011799,0.009525,0.007377,0.0075,0.006886,0.005591
197808,0.017925,0.008457,0.007261,0.006144,0.004857,0.00555
197809,-0.003752,0.001508,0.001383,0.00167,0.005368,0.005964
197810,-0.017924,-0.011822,-0.007251,-0.001486,0.006397,0.007498
197811,0.014056,0.014548,0.004646,0.005821,0.007183,0.007041
197812,-0.012092,-0.012748,0.000266,0.004008,0.007384,0.007372
197901,0.022064,0.022777,0.016031,0.013594,0.008508,0.007882
197902,-0.007248,-0.006542,0.002546,0.005848,0.007148,0.007324
197903,0.011324,0.012266,0.010632,0.011134,0.008035,0.008928
197904,-0.006811,0.002297,0.006192,0.006254,0.00824,0.008489
197905,0.026087,0.021115,0.013969,0.011964,0.008209,0.008161
197906,0.023457,0.021243,0.017013,0.01353,0.009039,0.007858
197907,-0.005183,-0.001769,0.001129,0.002443,0.007938,0.00841
197908,-0.00666,-0.006227,-0.000685,0.002011,0.006844,0.007506
197909,-0.005007,-0.001467,0.001453,0.003104,0.007135,0.007732
197910,-0.066717,-0.051422,-0.024348,-0.008462,0.007266,0.009621
197911,0.048044,0.038609,0.024165,0.022202,0.012244,0.009878
197912,0.011951,0.007231,0.005695,0.004434,0.010604,0.010209
198001,-0.037477,-0.014792,-0.000164,0.00436,0.009957,0.007968
198002,-0.050507,-0.058022,-0.036947,-0.017205,0.006808,0.010654
198003,0.048345,0.009701,0.010329,0.006983,0.011029,0.012009
198004,0.084375,0.106119,0.084198,0.056059,0.021308,0.012865
198005,0.038482,0.043061,0.031828,0.027164,0.014007,0.007883
198006,0.029314,0.012397,0.009644,0.011976,0.006645,0.006312
198007,-0.042687,-0.014512,-0.002259,0.002552,0.005972,0.005281
198008,-0.02764,-0.047227,-0.024598,-0.011296,0.005154,0.005973
198009,-0.007206,-0.00169,-0.000819,0.004651,0.007313,0.008698
198010,-0.023339,-0.020527,-0.004518,0.00001,0.008594,0.008912
198011,0.00948,-0.005101,-0.004178,-0.001299,0.007393,0.008895
198012,0.027544,0.038364,0.023869,0.022957,0.015145,0.014149
198101,-0.004032,0.00409,0.006242,0.006077,0.011671,0.009957
198102,-0.02898,-0.022316,-0.003742,0.00659,0.012155,0.010685
198103,0.027672,0.02566,0.021761,0.021684,0.015867,0.013157
198104,-0.03825,-0.023817,-0.015038,-0.007223,0.006806,0.010756
198105,0.045241,0.027488,0.010423,0.010433,0.010972,0.010646
198106,-0.006976,0.005565,0.011659,0.015184,0.015317,0.015158
198107,-0.028486,-0.02424,-0.007927,-0.000216,0.011801,0.011915
198108,-0.022596,-0.01716,-0.001485,0.008122,0.012539,0.012804
198109,-0.008044,0.001361,0.016037,0.016832,0.016315,0.012794
198110,0.074287,0.064539,0.044499,0.029558,0.015794,0.011685
198111,0.084518,0.067174,0.061198,0.039117,0.015883,0.01103
198112,-0.032776,-0.038737,-0.020742,-0.001493,0.008287,0.008738
198201,0.002885,0.005668,0.00454,0.007204,0.007271,0.007306
198202,0.019096,0.013636,0.013189,0.011353,0.010972,0.009176
198203,0.00563,0.004763,0.011891,0.012556,0.010538,0.011077
198204,0.026933,0.030878,0.01667,0.016626,0.013211,0.01129
198205,0.020608,0.011001,0.01978,0.017477,0.011445,0.009592
198206,-0.024989,-0.016702,-0.006901,0.000484,0.010179,0.01071
198207,0.041457,0.048838,0.035733,0.026425,0.016875,0.01021
198208,0.076073,0.042427,0.029799,0.02512,0.013869,0.008342
198209,0.039536,0.03672,0.019479,0.018572,0.009284,0.005118
198210,0.099993,0.052641,0.031294,0.016578,0.006189,0.005475
198211,-0.010138,0.006722,0.010845,0.010152,0.007103,0.007201
198212,0.036299,0.017805,0.017063,0.012635,0.007734,0.006289
198301,-0.020403,-0.00012,0.006373,0.007358,0.006931,0.006864
198302,0.042297,0.025365,0.012675,0.010684,0.006816,0.006186
198303,-0.011169,-0.003449,0.000402,0.002196,0.005883,0.006326
198304,0.030024,0.023276,0.016457,0.012345,0.008225,0.006918
198305,-0.02976,-0.013962,-0.000181,0.002453,0.006687,0.007584
198306,0.000782,0.002685,0.002796,0.005106,0.007472,0.006661
198307,-0.044003,-0.018615,-0.004072,0.002198,0.007076,0.006917
198308,0.012783,0.003932,0.007687,0.008964,0.008917,0.008342
198309,0.042486,0.028285,0.019716,0.014604,0.008945,0.007607
198310,-0.010992,0.008374,0.007806,0.009713,0.008135,0.007433
198311,0.016129,0.009663,0.008079,0.006869,0.006745,0.007199
198312,-0.000312,0.003493,0.004963,0.007258,0.007722,0.007039
198401,0.017865,0.016916,0.014382,0.01207,0.008434,0.008083
198402,-0.013392,-0.004929,0.002026,0.004677,0.007067,0.007328
198403,-0.02108,-0.008219,-0.000359,0.002325,0.007243,0.00728
198404,-0.005156,0.001826,0.00558,0.008503,0.009275,0.00813
198405,-0.05056,-0.030707,-0.00705,-0.000679,0.008516,0.007898
198406,0.014941,0.012716,0.007103,0.010672,0.008486,0.007534
198407,0.064574,0.043932,0.021652,0.015196,0.009313,0.008755
198408,0.014129,0.010768,0.012058,0.009296,0.008804,0.007963
198409,0.027822,0.019767,0.017017,0.014104,0.009167,0.008293
198410,0.053938,0.044834,0.027395,0.019387,0.011935,0.009766
198411,0.018128,0.018118,0.019182,0.016028,0.00906,0.007334
198412,0.008761,0.016844,0.016004,0.01192,0.008571,0.006923
198501,0.033176,0.022409,0.012081,0.010537,0.00691,0.006474
198502,-0.034553,-0.019757,-0.004428,-0.000024,0.005883,0.006033
198503,0.024852,0.016816,0.012113,0.009301,0.007605,0.00616
198504,0.023987,0.023125,0.018092,0.014406,0.008704,0.007565
198505,0.067834,0.050704,0.026418,0.016508,0.008218,0.006062
198506,0.009799,0.009185,0.011072,0.010745,0.006252,0.005546
198507,-0.009508,-0.002507,0.005229,0.004502,0.006215,0.006196
198508,0.025767,0.017243,0.009028,0.008959,0.006586,0.005792
198509,0.004798,0.00882,0.009248,0.007502,0.00632,0.006049
198510,0.026404,0.018743,0.011772,0.009047,0.006042,0.006021
198511,0.027978,0.018924,0.011652,0.008595,0.006066,0.006156
198512,0.046272,0.031467,0.0143,0.008772,0.007308,0.006139
198601,0.003898,0.006628,0.006626,0.007157,0.006297,0.004865
198602,0.064801,0.028119,0.010161,0.008737,0.005387,0.005296
198603,0.057311,0.032452,0.019839,0.011685,0.007228,0.005963
198604,0.006599,0.006592,0.006861,0.008724,0.005942,0.005341
198605,-0.038012,-0.01746,-0.001333,0.003255,0.004998,0.004934
198606,0.056067,0.029247,0.016091,0.010356,0.006052,0.005246
198607,0.006758,0.01443,0.009934,0.008645,0.005578,0.005011
198608,0.033625,0.027386,0.017505,0.012461,0.005879,0.004614
198609,-0.02745,-0.006582,-0.00195,0.002585,0.004522,0.004783
198610,0.014308,0.016345,0.009022,0.006131,0.00485,0.004209
198611,0.012064,0.012781,0.006166,0.004944,0.003898,0.003924
198612,0.000974,0.002098,0.001797,0.002349,0.00487,0.004767
198701,0.00996,0.010666,0.008048,0.006284,0.004961,0.004151
198702,0.004267,0.003773,0.00433,0.004092,0.004654,0.004309
198703,-0.014472,-0.003233,0.002096,0.003873,0.005245,0.005012
198704,-0.038271,-0.024081,-0.006749,-0.000434,0.00541,0.004285
198705,-0.014005,-0.004098,-0.000307,0.004298,0.004554,0.00376
198706,0.014514,0.01343,0.0114,0.00991,0.005619,0.005031
198707,-0.01076,0.001149,0.005844,0.005853,0.00479,0.004058
198708,-0.016456,-0.006054,0.000715,0.003542,0.005215,0.004744
198709,-0.032366,-0.019123,-0.005103,0.00024,0.004621,0.00482
198710,0.056846,0.035681,0.021924,0.015686,0.008572,0.00604
198711,-0.003664,0.00567,0.005853,0.005826,0.005902,0.003366
198712,0.018248,0.013402,0.006748,0.005116,0.004921,0.002988
198801,0.044235,0.03001,0.015546,0.011254,0.005001,0.002762
198802,0.013917,0.011305,0.008317,0.007677,0.005349,0.004564
198803,-0.01993,-0.009247,0.001408,0.003859,0.004803,0.004402
198804,-0.012511,-0.004137,0.001025,0.003688,0.004554,0.004577
198805,-0.015848,-0.007183,-0.001166,0.001617,0.005027,0.005051
198806,0.032302,0.020762,0.010538,0.007493,0.005473,0.004832
198807,-0.012001,-0.005904,-0.00021,0.002558,0.00498,0.00506
198808,0.000564,-0.000459,0.002583,0.004328,0.005813,0.005957
198809,0.032089,0.02093,0.011886,0.008824,0.006366,0.006145
198810,0.021687,0.017311,0.010753,0.008575,0.0066,0.006074
198811,-0.020027,-0.012654,-0.003489,0.000707,0.005817,0.005742
198812,0.003005,-0.003215,0.001991,0.004501,0.006759,0.006306
198901,0.016054,0.010971,0.008281,0.008496,0.00729,0.005766
198902,-0.014851,-0.008109,-0.000783,0.002672,0.006145,0.00611
198903,0.0094,0.004408,0.003648,0.006234,0.007611,0.006213
198904,0.024763,0.024226,0.01512,0.013278,0.007917,0.00681
198905,0.031579,0.020272,0.015246,0.011499,0.007703,0.008006
198906,0.040859,0.033222,0.020284,0.014121,0.008402,0.007147
198907,0.025032,0.02502,0.017258,0.011753,0.007313,0.00704
198908,-0.024083,-0.018245,-0.006341,0.000374,0.006757,0.006684
198909,0.003223,0.002909,0.005091,0.0059,0.006565,0.006387
198910,0.033234,0.025382,0.016428,0.012722,0.007657,0.00682
198911,0.008516,0.009236,0.009564,0.00785,0.006956,0.00634
198912,-0.000408,0.002274,0.003835,0.005058,0.006462,0.005941
199001,-0.024409,-0.010543,-0.000534,0.004723,0.007025,0.005852
199002,-0.002074,0.001235,0.004174,0.006603,0.00597,0.005818
199003,-0.001702,0.000027,0.002374,0.00495,0.006457,0.00638
199004,-0.017396,-0.006062,0.002517,0.005484,0.007226,0.006829
199005,0.032827,0.02409,0.014494,0.012023,0.007192,0.006404
199006,0.017846,0.01551,0.010964,0.009427,0.0065,0.005898
199007,0.011922,0.016341,0.011825,0.01001,0.007401,0.006704
199008,-0.025843,-0.007523,0.003418,0.005492,0.006726,0.006154
199009,0.009186,0.009406,0.008175,0.007546,0.006269,0.005984
199010,0.018981,0.016654,0.011386,0.009687,0.006638,0.006559
199011,0.030133,0.018591,0.009566,0.007964,0.0065,0.005651
199012,0.019396,0.016087,0.012476,0.009662,0.007378,0.005989
199101,0.010098,0.009233,0.008416,0.009246,0.006225,0.004637
199102,0.006436,0.004807,0.006324,0.007135,0.00515,0.004767
199103,0.004182,0.002571,0.004789,0.006796,0.005189,0.004391
199104,0.0095,0.011056,0.010024,0.008219,0.006082,0.005335
199105,0.004376,0.005521,0.006358,0.005667,0.004892,0.004461
199106,-0.006102,-0.002266,0.003577,0.004065,0.004511,0.004171
199107,0.013229,0.012943,0.008721,0.008151,0.005221,0.00484
199108,0.025923,0.02443,0.013952,0.009562,0.005137,0.00461
199109,0.031095,0.02209,0.011493,0.008127,0.004981,0.004558
199110,0.006005,0.01322,0.01107,0.008269,0.005029,0.004246
199111,0.008336,0.013768,0.010648,0.007926,0.004846,0.003915
199112,0.054398,0.028783,0.016358,0.010221,0.004796,0.003792
199201,-0.024549,-0.013203,-0.001171,0.002622,0.003505,0.003059
199202,0.008862,-0.001139,0.00217,0.003748,0.002851,0.002828
199203,-0.007535,-0.005707,-0.000917,0.002839,0.003454,0.003376
199204,0.003928,0.009261,0.010101,0.007264,0.00411,0.003303
199205,0.021337,0.01799,0.009655,0.005982,0.003122,0.002758
199206,0.019971,0.018828,0.011923,0.006367,0.003652,0.003201
199207,0.035683,0.023916,0.012856,0.007907,0.003894,0.002892
199208,0.009816,0.014411,0.009047,0.005392,0.002884,0.002605
199209,0.019812,0.018478,0.010117,0.007106,0.003376,0.002573
199210,-0.017524,-0.017625,-0.006778,-0.001585,0.002093,0.002286
199211,-0.00345,-0.008006,-0.001683,0.001173,0.002163,0.002346
199212,0.022404,0.01461,0.01023,0.006298,0.003378,0.00227
199301,0.027836,0.025583,0.010609,0.005234,0.002874,0.002335
199302,0.026678,0.01961,0.009104,0.004892,0.002229,0.002209
199303,0.005287,0.005423,0.003429,0.003634,0.00289,0.002538
199304,0.007802,0.00857,0.006525,0.003972,0.00247,0.002372
199305,-0.000582,-0.001782,-0.004272,-0.000416,0.002168,0.002168
199306,0.032076,0.017846,0.008017,0.005124,0.003041,0.002756
199307,0.004442,0.000982,0.001747,0.002522,0.002675,0.002402
199308,0.025066,0.019676,0.008658,0.004829,0.002867,0.00253
199309,0.00799,0.004888,0.003775,0.003242,0.00271,0.002356
199310,0.004056,0.001681,0.001636,0.00235,0.002431,0.00221
199311,-0.017965,-0.007976,0.000174,0.001801,0.00264,0.002477
199312,0.005053,0.003247,0.003561,0.003365,0.003012,0.002263
199401,0.017415,0.012792,0.006626,0.00472,0.002867,0.002503
199402,-0.031254,-0.018646,-0.006388,-0.001965,0.001882,0.00212
199403,-0.03847,-0.021269,-0.005119,0.000173,0.00294,0.002469
199404,-0.009781,-0.009466,-0.005059,-0.00095,0.002473,0.002711
199405,-0.00137,0.000709,0.001303,0.002361,0.003416,0.00315
199406,-0.00591,-0.002512,0.002305,0.003405,0.003998,0.003118
199407,0.019443,0.015932,0.008862,0.005569,0.003666,0.002751
199408,0.003026,0.004055,0.002909,0.004103,0.003755,0.003687
199409,-0.023275,-0.014313,-0.002879,0.00099,0.003784,0.003659
199410,-0.003948,-0.00171,0.001976,0.003913,0.004242,0.00384
199411,-0.00129,-0.005725,-0.003965,-0.001834,0.003882,0.003691
199412,0.011198,0.004413,0.000617,0.002553,0.005058,0.00443
199501,0.022922,0.018185,0.014517,0.01055,0.005188,0.004156
199502,0.030014,0.023423,0.014637,0.00981,0.004816,0.003983
199503,0.007195,0.005893,0.005682,0.00512,0.005096,0.004134
199504,0.016973,0.014167,0.009411,0.006553,0.004629,0.00445
199505,0.0549,0.03794,0.019592,0.010509,0.00549,0.005355
199506,0.011343,0.008807,0.005396,0.0056,0.005136,0.004714
199507,-0.008576,-0.002987,0.00402,0.004912,0.004856,0.004522
199508,0.014105,0.009454,0.005882,0.005545,0.005051,0.004637
199509,0.012995,0.005559,0.004902,0.00382,0.004328,0.004309
199510,0.016065,0.013628,0.008869,0.00635,0.004808,0.004714
199511,0.022024,0.016057,0.009914,0.006272,0.004469,0.004108
199512,0.017912,0.009416,0.00757,0.005909,0.005418,0.004882
199601,0.006363,0.009446,0.009437,0.006672,0.004883,0.004278
199602,-0.028964,-0.013762,-0.004858,0.001647,0.00398,0.003908
199603,-0.010249,-0.010614,-0.002462,0.001324,0.003719,0.003943
199604,-0.017066,-0.006609,0.000749,0.003701,0.004557,0.004579
199605,-0.00588,-0.002639,0.002034,0.004302,0.004414,0.003982
199606,0.014535,0.011286,0.006752,0.004751,0.004102,0.004
199607,0.00053,0.001965,0.004428,0.004591,0.004798,0.004497
199608,-0.00514,-0.000958,0.00296,0.005076,0.004506,0.004122
199609,0.022799,0.016095,0.009433,0.006292,0.004822,0.004375
199610,0.029722,0.020909,0.01197,0.007251,0.004262,0.004246
199611,0.026511,0.015582,0.00739,0.005262,0.004227,0.003941
199612,-0.021218,-0.011314,-0.000112,0.002863,0.004577,0.004404
199701,-0.000088,0.003098,0.004703,0.004862,0.004517,0.004014
199702,-0.002146,-0.001396,0.001651,0.003557,0.003902,0.003788
199703,-0.019247,-0.010265,-0.000992,0.002222,0.004282,0.00431
199704,0.019041,0.013136,0.008277,0.006369,0.004844,0.004313
199705,0.011188,0.009351,0.00695,0.006314,0.004837,0.004263
199706,0.017494,0.009427,0.007522,0.006033,0.004228,0.003744
199707,0.040304,0.024703,0.011707,0.007395,0.00453,0.004294
199708,-0.020309,-0.008012,-0.000048,0.002864,0.004337,0.004058
199709,0.022409,0.013333,0.008374,0.006287,0.004863,0.004576
199710,0.024771,0.012638,0.007776,0.005622,0.004169,0.003911
199711,0.001182,0.001143,0.001813,0.002906,0.003986,0.003773
199712,0.014809,0.009777,0.00796,0.006296,0.005112,0.004629
199801,0.021106,0.018,0.010187,0.006909,0.004677,0.004204
199802,-0.007748,-0.004779,0.000297,0.00263,0.003693,0.003847
199803,0.002537,0.002455,0.004476,0.004674,0.004878,0.004485
199804,0.003324,0.004828,0.00447,0.004705,0.004626,0.004308
199805,0.010086,0.00581,0.005058,0.004342,0.004217,0.003805
199806,0.013545,0.007261,0.005682,0.005285,0.004381,0.004021
199807,0.000356,0.003747,0.004793,0.004824,0.004372,0.003873
199808,0.036926,0.028682,0.01617,0.008363,0.00451,0.004012
199809,0.052732,0.026988,0.012325,0.007484,0.005102,0.003875
199810,-0.010324,-0.000174,0.004721,0.005137,0.003809,0.003353
199811,-0.006612,-0.004519,-0.000709,0.001503,0.003565,0.003233
199812,0.009652,0.001768,0.003025,0.003931,0.003951,0.003779
199901,0.003291,0.006471,0.003584,0.003757,0.003572,0.003494
199902,-0.044006,-0.025961,-0.006687,-0.000219,0.003042,0.003372
199903,0.00863,0.008904,0.00804,0.00659,0.004331,0.004076
199904,-0.003474,0.002303,0.002924,0.003813,0.003557,0.003784
199905,-0.022526,-0.013215,-0.001816,0.001017,0.003504,0.003463
199906,-0.007152,0.003198,0.00352,0.004703,0.004475,0.004098
199907,-0.004171,0.000352,0.002404,0.004497,0.004142,0.003658
199908,-0.00452,0.001926,0.003621,0.00363,0.00417,0.003876
199909,0.012027,0.009743,0.006687,0.005627,0.004565,0.003705
199910,-0.006109,-0.001126,0.001057,0.002891,0.00394,0.003581
199911,-0.00659,-0.000905,0.001505,0.002745,0.004302,0.003811
199912,-0.012402,-0.004854,0.001144,0.003245,0.004551,0.003764
200001,-0.009799,-0.005587,-0.001417,0.002476,0.004339,0.004343
200002,0.0136,0.009169,0.006842,0.005797,0.004262,0.004295
200003,0.034752,0.017635,0.006593,0.005338,0.004793,0.004377
200004,-0.010026,-0.004274,0.001496,0.003549,0.004941,0.004595
200005,0.001771,0.004903,0.004925,0.004305,0.006164,0.004782
200006,0.022074,0.018501,0.011403,0.007794,0.004348,0.003744
200007,0.00464,0.0072,0.006752,0.005483,0.004468,0.004772
200008,0.016603,0.013304,0.007772,0.005976,0.005156,0.005002
200009,-0.001323,0.010004,0.007983,0.005337,0.005281,0.005093
200010,0.008647,0.008094,0.006054,0.004956,0.005153,0.005217
200011,0.025641,0.016327,0.010289,0.006788,0.005437,0.004966
200012,0.030723,0.023355,0.012919,0.009996,0.005512,0.004909
200101,0.004164,0.01351,0.013519,0.012048,0.0069,0.005243
200102,0.011636,0.01131,0.006873,0.004732,0.003967,0.003653
200103,0.00275,0.008259,0.007193,0.007367,0.004678,0.00432
200104,-0.027449,-0.008237,0.002154,0.004721,0.00447,0.003864
200105,0.001373,0.002011,0.005381,0.006094,0.003853,0.003183
200106,0.002161,0.00223,0.003227,0.002773,0.003001,0.002778
200107,0.030526,0.022406,0.01311,0.007754,0.003305,0.002999
200108,0.015065,0.011976,0.007129,0.004845,0.003284,0.002996
200109,0.022599,0.023823,0.017807,0.010444,0.004224,0.00273
200110,0.031821,0.020708,0.012043,0.007903,0.002545,0.002154
200111,-0.035211,-0.018299,-0.005276,0.001236,0.002106,0.001749
200112,-0.017354,-0.009027,0.00025,0.002073,0.001592,0.001484
200201,0.004609,0.003923,0.002636,0.000687,0.001488,0.00139
200202,0.012027,0.011665,0.0054,0.003139,0.001373,0.001285
200203,-0.03679,-0.023253,-0.008508,-0.002648,0.001376,0.001341
200204,0.029382,0.023723,0.013578,0.007708,0.001669,0.001546
200205,0.008136,0.010847,0.004414,0.002214,0.001607,0.001442
200206,0.021555,0.016332,0.00943,0.005796,0.001432,0.001312
200207,0.03077,0.028037,0.015878,0.005072,0.001556,0.001507
200208,0.030178,0.016825,0.004572,0.000968,0.001467,0.001402
200209,0.04689,0.030206,0.010101,0.004035,0.001606,0.001414
200210,-0.020221,-0.003478,0.002358,0.002565,0.001475,0.001334
200211,-0.021163,-0.017077,-0.005049,-0.000347,0.001557,0.001166
200212,0.035968,0.028048,0.010979,0.00448,0.001199,0.001079
200301,-0.008285,-0.006167,0.000875,0.000443,0.001084,0.000934
200302,0.02623,0.016693,0.005203,0.001683,0.00085,0.000871
200303,-0.005652,0.00002,0.0019,0.002141,0.001198,0.00102
200304,-0.000069,0.001737,0.001626,0.001039,0.00093,0.000939
200305,0.042457,0.025215,0.004609,0.001078,0.000958,0.000903
200306,-0.009082,-0.002791,0.002131,0.002162,0.001439,0.000984
200307,-0.066819,-0.03069,-0.006811,-0.000905,0.000746,0.000674
200308,0.004672,-0.002624,-0.002283,0.000532,0.000717,0.000689
200309,0.046768,0.033421,0.01204,0.003814,0.001072,0.000865
200310,-0.024426,-0.014593,-0.0051,-0.000772,0.000774,0.0007
200311,0.001662,-0.000681,-0.001446,-0.000455,0.000804,0.000725
200312,0.010314,0.010046,0.006834,0.003836,0.000971,0.000831
200401,0.012969,0.005584,0.002965,0.001233,0.000868,0.000696
200402,0.017485,0.012425,0.00532,0.001592,0.000663,0.000623
200403,0.014356,0.011274,0.003396,0.00141,0.000918,0.000844
200404,-0.0491,-0.033809,-0.012968,-0.00331,0.000816,0.000795
200405,-0.006668,-0.004927,-0.001439,-0.000371,0.000749,0.000603
200406,0.01011,0.00557,0.000646,0.0002,0.000819,0.000817
200407,0.012083,0.007603,0.003181,0.001789,0.000896,0.000919
200408,0.032191,0.020377,0.008366,0.003512,0.001258,0.001116
200409,0.002804,0.000598,-0.001396,-0.000269,0.001327,0.001185
200410,0.011145,0.006911,0.003467,0.001553,0.001111,0.001129
200411,-0.017663,-0.014843,-0.00572,-0.002025,0.001474,0.001541
200412,0.013398,0.00749,0.001828,0.001464,0.002104,0.001672
200501,0.009351,0.000411,-0.000905,0.000604,0.00169,0.001661
200502,-0.013112,-0.010545,-0.002707,-0.000387,0.001613,0.001641
200503,-0.004518,-0.002861,0.000109,0.001544,0.002385,0.002123
200504,0.026104,0.015349,0.006062,0.003691,0.002189,0.002072
200505,0.018363,0.010154,0.004763,0.003251,0.002672,0.002395
200506,0.009046,0.004573,0.001778,0.001802,0.002256,0.002263
200507,-0.021346,-0.01506,-0.004307,-0.000608,0.002114,0.002383
200508,0.020806,0.015683,0.007228,0.004896,0.003081,0.00292
200509,-0.018281,-0.012072,-0.003314,-0.00006,0.003136,0.002848
200510,-0.011898,-0.008743,-0.000763,0.001098,0.002667,0.002728
200511,0.006295,0.004314,0.003289,0.002993,0.003393,0.003045
200512,0.011198,0.005806,0.003983,0.003666,0.00317,0.00316
200601,-0.004563,-0.002261,0.001664,0.001937,0.003212,0.003488
200602,0.000153,-0.001712,0.000597,0.002138,0.00327,0.003322
200603,-0.019782,-0.006159,0.001006,0.002633,0.003923,0.003642
200604,-0.008795,-0.001292,0.002915,0.003109,0.00334,0.003559
200605,-0.001047,-0.00181,0.001361,0.002628,0.004294,0.004195
200606,0.003077,0.000956,0.0015,0.002458,0.003842,0.00397
200607,0.016418,0.013136,0.008253,0.005809,0.004207,0.003976
200608,0.021575,0.013386,0.0073,0.005217,0.004477,0.004283
200609,0.011343,0.007946,0.004989,0.004391,0.004418,0.004047
200610,0.007074,0.00399,0.003894,0.003965,0.003932,0.004076
200611,0.013674,0.008574,0.005344,0.004218,0.004312,0.004243
200612,-0.015746,-0.00749,-0.000605,0.002285,0.004088,0.004036
200701,-0.0036,-0.000763,0.001951,0.003995,0.00441,0.004328
200702,0.019999,0.015508,0.008344,0.005063,0.003807,0.003837
200703,-0.002247,0.003053,0.004382,0.003904,0.004365,0.004257
200704,0.006799,0.004387,0.003723,0.003403,0.004529,0.004348
200705,-0.014483,-0.011059,-0.001889,0.002538,0.004487,0.004046
200706,-0.006804,0.000799,0.004189,0.004246,0.003801,0.003918
200707,0.023884,0.018827,0.010287,0.006321,0.004037,0.003962
200708,0.01713,0.017403,0.010008,0.007002,0.005694,0.004205
200709,-0.00044,0.004294,0.006878,0.005447,0.003905,0.003347
200710,0.013082,0.007296,0.004278,0.003567,0.003145,0.003212
200711,0.044192,0.037483,0.020658,0.011388,0.004658,0.003395
200712,-0.003627,0.000672,0.001824,0.001147,0.002879,0.002921
200801,0.038355,0.033951,0.020304,0.013061,0.005008,0.00243
200802,0.009265,0.014841,0.009926,0.005399,0.001676,0.001325
200803,0.011256,0.004523,0.003037,0.002887,0.00243,0.001869
200804,-0.016442,-0.023902,-0.012268,-0.002938,0.001126,0.001025
200805,-0.018756,-0.015239,-0.005992,-0.001104,0.000221,0.000946
200806,0.010754,0.007028,0.003551,0.001278,0.001831,0.00175
200807,0.005155,0.007249,0.00523,0.003177,0.00172,0.00144
200808,0.015313,0.008864,0.004534,0.002366,0.001413,0.001282
200809,0.000875,0.009199,0.010026,0.005113,0.002546,0.00153
200810,-0.028592,0.010844,0.012592,0.005218,0.001208,0.000792
200811,0.085378,0.045233,0.012121,0.00717,0.001024,0.000228
200812,0.056872,0.023039,0.006517,0.00389,0.000063,0.000029
200901,-0.044454,-0.016891,-0.004086,-0.001545,-0.000038,0.000023
200902,-0.00192,-0.005036,-0.000711,-0.001389,0.00028,0.000147
200903,0.032915,0.018724,0.005159,0.001434,0.000351,0.000159
200904,-0.035787,-0.01675,-0.001117,0.001908,0.000359,0.000125
200905,-0.016442,-0.013248,0.000831,0.000361,0.000118,0.000017
200906,0.002851,-0.007311,-0.002294,0.000567,0.000108,0.000075
200907,0.008263,0.006035,0.00192,0.001105,0.000196,0.000119
200908,0.010147,0.009517,0.004433,0.001488,0.000241,0.000116
200909,0.010324,0.006463,0.002416,0.000799,0.00025,0.000079
200910,-0.003575,0.003621,0.002946,-0.000021,0.000195,0.00004
200911,0.018977,0.018421,0.006743,0.001892,0.000104,0.000004
200912,-0.037937,-0.027479,-0.00697,-0.001166,0.000066,0.000062
201001,0.020794,0.018564,0.008927,0.003246,0.000062,0.000028
201002,0.002013,0.004494,0.001837,-0.000473,0.000015,0.00001
201003,-0.014016,-0.007727,-0.001592,-0.000869,0.000042,0.000068
201004,0.016503,0.009075,0.002381,0.000162,0.000129,0.000111
201005,0.025297,0.015079,0.005645,0.000695,0.000129,0.000112
201006,0.033857,0.018377,0.004265,0.001116,0.000118,0.000127
201007,0.007935,0.011016,0.001881,0.000856,0.000176,0.000142
201008,0.035527,0.013728,0.001747,0.001025,0.000145,0.000126
201009,-0.001972,0.005236,0.001503,0.000346,0.000044,0.000125
201010,-0.005209,0.006257,0.002339,0.000304,0.000159,0.000112
201011,-0.007214,-0.012155,-0.002914,-0.000524,0.000046,0.000114
201012,-0.038909,-0.022323,-0.001872,-0.000083,0.00022,0.00014
201101,-0.000224,0.006702,0.001807,0.001078,0.000058,0.000066
201102,-0.000203,-0.00592,-0.00124,0.000241,0.000142,0.000122
201103,-0.000481,-0.002384,-0.001361,0.000077,0.000237,0.000067
201104,0.014547,0.017115,0.005492,0.000672,0.000208,0.000053
201105,0.024937,0.016184,0.003772,0.001021,0.000064,0.000013
201106,-0.005929,0.000608,0.001331,0.000198,0.000103,0.000035
201107,0.031082,0.021177,0.002698,-0.000921,-0.000083,-0.000028
201108,0.047503,0.020564,0.003605,0.001945,0.000231,0.000083
201109,0.029468,0.002422,-0.001143,-0.001243,0.000008,-0.000001
201110,-0.012101,0.000677,0.001335,0.00065,0.000025,0.000014
201111,0.008685,0.002623,0.000186,0.000291,0.000006,0.000004
201112,0.019019,0.006518,0.000491,-0.000495,-0.000009,0
201201,0.008827,0.007973,0.000864,0.00045,-0.000048,-0.000002
201202,-0.010592,-0.005721,-0.001303,-0.000635,0.000018,0.000031
201203,-0.019458,-0.007109,-0.000274,-0.000285,0.000088,0.000046
201204,0.028413,0.012062,0.002289,0.000716,0.000036,0.000029
201205,0.03144,0.00839,0.00029,0.000108,0.000175,0.000065
201206,-0.006625,-0.001385,-0.000607,-0.000491,0.000095,0.000022
201207,0.015792,0.008221,0.002624,0.001154,0.000102,0.000032
201208,-0.002442,0.001074,-0.000251,-0.000172,0.000123,0.00005
201209,-0.006372,0.000245,0.000019,0.000157,0.000109,0.000067
201210,-0.002909,-0.003651,-0.000574,0.00008,0.000067,0.000037
201211,0.00938,0.007181,0.00103,0.000265,0.000195,0.000085
201212,-0.008797,-0.003136,0.000428,0.000379,0.000118,0.000103
201301,-0.014939,-0.005317,0.000317,0.000448,0.000019,0.000022
201302,0.011635,0.006808,0.000928,0.000347,0.000017,0.000054
201303,0.003768,0.001281,0.000045,0.00017,0.000143,0.000041
201304,0.017563,0.005781,0.001233,0.000714,0.000165,0.000037
201305,-0.031221,-0.014887,-0.001478,-0.000074,0.000093,0.000012
201306,-0.029891,-0.016287,-0.000671,-0.000038,0.000053,0.000013
201307,-0.004527,0.002921,0.001729,0.000688,0.000048,0.000009
201308,-0.012869,-0.009388,-0.001446,-0.000054,0.000072,0.000009
201309,0.017924,0.014959,0.002603,0.000888,0.00004,0.000008
201310,0.006915,0.005137,0.000952,0.000122,-0.000018,0.000017
201311,-0.012242,0.00081,0.000946,0.000042,0.000063,0.000032
201312,-0.021754,-0.015095,-0.001519,0.000129,0.000122,0.000023
201401,0.035655,0.014623,0.001843,0.000323,0.000149,0.000012
201402,0.004406,0.001652,0.001181,0.000266,-0.000023,0.000045
201403,-0.003935,-0.007456,-0.000862,0.000359,0.000096,0.000028
201404,0.008403,0.005358,0.001172,0.00068,0.000053,0.000015
201405,0.019118,0.009674,0.001989,-0.000006,0.000029,0.000008
201406,-0.002418,-0.001924,-0.000501,0.000004,0.000042,0.00002
201407,-0.00016,-0.003838,-0.000246,0.000281,0.000047,0.000013
201408,0.018782,0.008749,0.001195,0.000623,0.000022,0.000003
201409,-0.010631,-0.004205,-0.000068,0.000191,0.000047,0.000004
201410,0.013129,0.009374,0.00262,0.00019,0.000001,0.000012
201411,0.014195,0.010032,0.001547,0.000189,0.000034,-0.000001
201412,0.001414,-0.004644,-0.002899,-0.000691,0.000001,0.000005
201501,0.042437,0.025385,0.0053,0.001475,0.000119,0.000013
201502,-0.025087,-0.014879,-0.002444,-0.000415,-0.000005,-0.000021
201503,0.008166,0.008815,0.002385,0.000509,-0.000023,-0.000008
201504,-0.007957,-0.001265,0.000965,0.000592,0.00008,0.000029
201505,-0.003817,-0.000934,0.000521,0.000272,0.000038,-0.000005
201506,-0.018369,-0.005355,0.000394,-0.000054,0.000029,0.000004
201507,0.015146,0.007164,0.00075,0.000121,0.000006,-0.000037
201508,-0.001192,0.000371,-0.00093,0.000064,0.000136,0.000027
201509,0.017819,0.012089,0.003996,0.001163,0.000022,-0.000006
201510,-0.007517,-0.005626,-0.001092,-0.000404,-0.000129,-0.000027
201511,-0.0035,-0.004427,-0.002638,-0.001749,0.000089,0.00002
201512,-0.003769,-0.002052,-0.000921,0.000003,0.000249,0.000103
201601,0.02975,0.022615,0.006105,0.002525,-0.000057,0.000037
201602,0.016709,0.006527,0.001411,0.000392,0.000341,0.000205
201603,-0.001442,0.00365,0.001865,0.001369,0.000474,0.00019
201604,-0.004458,-0.003028,-0.000426,0.000666,0.000254,0.000051
201605,0.001216,-0.001997,-0.001043,-0.000395,0.000155,0.000115
201606,0.033345,0.020241,0.006537,0.002989,0.000437,0.000188
201607,0.003269,-0.000004,-0.000304,-0.000439,0.000261,0.000171
201608,-0.00794,-0.007998,-0.002592,-0.000113,0.000269,0.000165
201609,-0.001325,0.003735,0.001262,0.000587,0.000562,0.000219
201610,-0.015542,-0.006222,-0.000428,0.000553,0.000282,0.000168
201611,-0.040878,-0.023927,-0.003813,-0.00102,0.000123,0.000136
201612,-0.003537,0.00009,-0.000514,0.000545,0.000437,0.000239
